Original,Website,Source
Grandeco WallFashion Group Belgium,https://www.grandecogroup.com/,Movements BE
Tennant (EMEA),www.tennantco.com,Movements BE
Panasonic Energy Belgium,http://www.panasonic-batteries.com,Movements BE
Galico NV,www.galico.be,Movements BE
Premium Sound Solutions,www.premiumsoundsolutions.com,Movements BE
Hullebusch,www.hullebusch.be,Movements BE
JBC Hoofdkantoor,www.jbc.be,Movements BE
Sanico,http://www.sanico.eu,Movements BE
Dirafrost Frozen Fruit,www.dirafrost.com,Movements BE
Aurubis Belgium Olen,http://www.aurubis.com,Movements BE
B.I.G. Floorcoverings,http://www.bintg.com,Movements BE
Meubelfabriek Lievens,www.lievensnv.be,Movements BE
ALVANCE Aluminium Duffel,http://www.aleris.com,Movements BE
SKF LOGISTICS SERVICES BELGIUM,www.skf.com,Movements BE
Mohawk International Services,http://www.unilin.com,Movements BE
Cummins,http://www.cummins.com,Movements BE
Van de Velde,www.vandevelde.eu,Movements BE
TWE Meulebeke,http://www.twe-group.com,Movements BE
RIMATEX,www.rimatex.be,Movements BE
FRISOMAT BELGIUM,www.frisomat.be,Movements BE
Kaneka Belgium Nv,www.kaneka.be,Movements BE
Datwyler Pharma Packaging Belgium,http://www.datwyler.com,Movements BE
TVH Parts,http://www.tvh.com,Movements BE
Laseto NV,www.futech-tools.com,Movements BE
Dossche Mills,www.dossche-mills-bakery.com,Movements BE
Tekni-Plex Europe,http://www.tekni-plex.be,Movements BE
Bose Belgium,https://www.bose.com/,Movements BE
Soubry Joseph Etn.,http://www.soubry.be,Movements BE
Van Marcke,www.vanmarckepro.com,Movements BE
Stone,http://stone.be/,Movements BE
XLBoom,www.xlboom.com,Movements BE
Wild & Soft,www.wildandsoft.com,Movements BE
LED TECHNO,www.ledtechno.be,Movements BE
L.M.C. COUPLINGS,www.lmc-couplings.com,Movements BE
HOUT - BOIS VAN STEENBERGE,www.vansteenberge.be,Movements BE
Casa International,www.casashops.com,Movements BE
Mc Three,http://www.mcthree.be,Movements BE
Aveno NV,www.aveno.be,Movements BE
Nuscience,www.nuscience.eu,Movements BE
Jasaco NV,www.jasaco.be,Movements BE
LivWise,www.livwise.be,Movements BE
Babylon,http://babylonhome.be/,Movements BE
Aliplast Aluminium Extrusion,,Movements BE
Mistral Home Textiles,www.mistral.be,Movements BE
Topcold N.V.,https://www.topcold.be/,Movements BE
A&C Systems,www.ac-systems.com,Movements BE
Bouwmaterialen Van Pelt,http://www.vanpelt-bouw.be,Movements BE
Natra Malle,https://natra.com/en/,Movements BE
BOGAERT TRANSMISSION,www.bogaert-transmission.com,Movements BE
Prof Praxis,www.prof-praxis.com,Movements BE
Drylock Technologies NV,www.drylocktechnologies.com,Movements BE
Selmus BVBA,www.selmus.com,Movements BE
Samsonite Europe,www.samsonite.be/nl/home/,Movements BE
Lowette Gifts,https://www.lowette-gifts.be/,Movements BE
EVADAM,,Movements BE
Mitsubishi Chemical Advanced Materials Belgium,http://www.quadrantplastics.com,Movements BE
Kim's Chocolates,http://www.kimchoc.be,Movements BE
ArcelorMittal Belgium,http://www.sidmar.be,Movements BE
LAG Trailers,http://www.lag.be,Movements BE
VANDEWIELE,http://www.vandewiele.com,Movements BE
Agio Cigars Belgium,https://www.tobacco1.com,Movements BE
Grandeco Wallfashion Group - Belgium,http://www.grandecogroup.com,Movements BE
Aurubis Olen nv,www.aurubis.com/olen,Movements BE
Colruyt Group Services,http://www.colruyt.be,Movements BE
Renson Ventilation,http://www.renson.be,Movements BE
Barco,www.barco.com,Movements BE
Modulyss / Balta group,https://www.baltagroup.com/,Movements BE
Eleonora,www.eleonora.nl,Movements NL
Continental Banden Groep B.V. / PGB B.V.,www.pbg.nl,Movements NL
Burg Machinefabriek B.V.,www.burg-machinefabriek.nl,Movements NL
ROYAL FLOORING N.V,https://shoproyalflooring.com/,Movements NL
Metals Chemicals Maastricht B.V.,www.metalschemicalsgroup.com,Movements NL
Bestronics B.V.,www.bestronics.nl,Movements NL
PROM'ES Event Supplies,www.prom-es.nl,Movements NL
Eleq Steenwijk B.V.,www.eleq.com/nl/,Movements NL
Watson-Marlow Bredel B.V.,www.watson-marlow.com,Movements NL
Reprodex B.V.,www.reprodex.com,Movements NL
KS Profiel B.V.,http://ksprofiel.nl/,Movements NL
Louët B.V.,www.louet.nl,Movements NL
Aircraft Part-Out Company Europe B.V.,https://www.apocaviation.com/,Movements NL
NGM International B.V.,www.ngm-int.com,Movements NL
Groupe L.F.E. B.V.,www.lfe.nl,Movements NL
MonShoe Fashion B.V.,shoecolate.nl,Movements NL
Whisper Power B.V.,www.whisperpower.com,Movements NL
TM Essentials B.V.,https://tmessentials.nl/,Movements NL
Gloe & Zeitz B.V.,www.gloe-zeitz.nl,Movements NL
Van der Valk Systemen B.V.,www.kvt.nl,Movements NL
Comhan Holland B.V.,www.comhan.com,Movements NL
Design Development & Productions B.V.,www.ddandp.com,Movements NL
Bridge Polymers,www.bridgepolymers.nl,Movements NL
DBP International B.V.,,Movements NL
HBX Natural Living,www.deco.heembloemex.com,Movements NL
Homeij Nederland B.V.,www.homeij.nl,Movements NL
Sentec International B.V.,www.sentecinternational.com,Movements NL
KEBO - De Heuning B.V.,www.kebointernational.com,Movements NL
Kaja Horeca Interieur B.V.,www.kaja.nl,Movements NL
Galvano Groothandel B.V.,www.galvano.nl,Movements NL
Joost Baakman B.V.,http://baakman.nl/,Movements NL
Woonboulevard Wijchen,https://www.woonboulevardwijchen.nl/,Movements NL
JB-Inflatable B.V.,www.jb-inflatable.nl,Movements NL
T.R. Miller Holding B.V.,www.trfastenings.com,Movements NL
Tower Living B.V.,www.towerliving.nl,Movements NL
Broekhof-Verpakkingen B.V.,,Movements NL
Imperial Riding Holland B.V.,www.imperialriding.com,Movements NL
Filter Service Heerenveen B.V.,www.filterservice.nl,Movements NL
Haco wonen & slapen Centraal Magazijn,www.haco.nu,Movements NL
Van Wijk en Olthuis B.V.,/www.wijkenolthuis.nl,Movements NL
Interjute BV,www.interjute.com,Movements NL
Total Produce B.V.,www.totalproduce.nl,Movements NL
IBH Export B.V.,www.ibh-export.nl,Movements NL
Aster Technology Holland B.V. / ARROW,www.arrow.com,Movements NL
Jeveka B.V.,www.jeveka.com,Movements NL
Belgraver B.V.,www.belgraver.nl,Movements NL
Coen Bakker Deco B.V.,www.coenbakker.nl,Movements NL
Kanon Loading Equipment B.V.,www.kanon.nl,Movements NL
Theo Henkelman Schoenen B.V.,www.henkelman.nl,Movements NL
NP Fashion B.V.,www.nikkie.nl,Movements NL
Rietveld Licht VOF,www.rietveldlicht.nl,Movements NL
I.T.S. Holding B.V.,,Movements NL
FashionPower BV,www.fashionpower.eu,Movements NL
Sima Europe B.V.,,Movements NL
Rogon Products B.V.,www.rogon.com,Movements NL
Agriton Holding B.V.,www.agriton.nl,Movements NL
SiSTEMA espresso systemen B.V.,www.si-stema.nl,Movements NL
MTR Fashion Flair B.V.,https://www.fashionflair.eu/en-gb/contact,Movements NL
Sakol B.V.,www.sakol.nl,Movements NL
SiccaDania,www.nivobahovex.com,Movements NL
Peter Dekker Handel B.V.,https://www.pdinl.com/nl/,Movements NL
Midl B.V.,www.midllogistics.com,Movements NL
Euro-Tyre B.V.,http://euro-tyre.nl/,Movements NL
Besgrow Europe B.V.,www.besgrow-europe.com,Movements NL
Ay illuminate B.V.,www.ayilluminate.com,Movements NL
Van der Lans International B.V.,www.vanderlans.com,Movements NL
Tricorp,www.tricorp.com,Movements NL
Metaalindustrie Waelbers B.V.,www.waelbers.com,Movements NL
WTP World Timber Products B.V.,https://worldtimberproducts.nl/,Movements NL
S Products B.V.,www.s-products.com,Movements NL
Konijnenburg B.V.,www.konijnenburg.nl,Movements NL
Pack-It B.V.,www.packit.eu,Movements NL
Maryvo International B.V.,www.maryvo.com,Movements NL
Xindao B.V.,www.xindao.com/nl-nl,Movements NL
Asian Cuisine Trading B.V.,www.asiancuisinetrading.com,Movements NL
AgriFood Trade BV,www.agrifoodtrade.com,Movements NL
Technotex Industrial Supply B.V.,www.technotex.nl,Movements NL
AOKE Europe B.V.,www.aoke-europe.com,Movements NL
Quantex Group B.V.,www.quantexgroup.com,Movements NL
Broekhoff Vuurwerk International B.V.,www.broekhoff.nl,Movements NL
Vesta Chemicals B.V.,www.vestachem.com,Movements NL
Difuzed Europe,difuzed.com,Movements NL
Ten Cate,www.eu.tencatefabrics.com,Movements NL
REDSUN B.V.,www.redsun.eu,Movements NL
Clou B.V.,www.clou.nl,Movements NL
Super Micro Computer B.V.,www.supermicro.com,Movements NL
AFTC Group,www.aftc.eu,Movements NL
World Paper B.V.,www.worldpaper.nl,Movements NL
Agricultural Production & Handling B.V.,www.aphgroup.com,Movements NL
ilShin Europe,http://ilshinbiobase-europe.com/,Movements NL
WOT! Promotions,www.wot-p.nl,Movements NL
Brasco B.V.,www.brasco.nl,Movements NL
VaKaGroup,https://www.vakagroup.com/,Movements NL
Delinuts B.V.,www.delinuts.nl,Movements NL
Rotor B.V.,www.rotor.nl,Movements NL
QUAPI KIDSWEAR BV,www.quapikidswear.nl,Movements NL
All Sport NV,www.allsport-group.com,Movements NL
Rollepaal B.V.,www.rollepaal.com,Movements NL
Gibas Automation B.V.,www.gibas.nl,Movements NL
Naturel West Corp EU B.V.,www.iidea.com.mx,Movements NL
Kanoshop Holland,www.kanoshop.nl,Movements NL
Bos Polijstmaterialen B.V.,www.boscleaningfinishing.com,Movements NL
Super B Lithium Power B.V.,www.super-b.com,Movements NL
Araco International B.V.,www.araco.nl,Movements NL
Staay-Hispa B.V.,www.fresh-care.nl,Movements NL
NORKEM B.V,www.norkem.com,Movements NL
Vitility International B.V.,www.vitility.com,Movements NL
Krosakiharima Europe B.V.,www.krosaki.co.jp/english,Movements NL
Beautydistrict B.V.,,Movements NL
Nedelko,www.nedelko.nl,Movements NL
Dynetics B.V.,www.dynetics.eu,Movements NL
NEMAG,https://www.nemag.com/,Movements NL
Interring B.V.,www.interring.nl,Movements NL
Sacha Hoofdkantoor,www.sacha.nl,Movements NL
Kemetyl Professional B.V.,www.kemetyl.com,Movements NL
Ministry of Beauty B.V.,www.kappers.nl,Movements NL
Branddeploy,www.branddeploy.com,Movements NL
Dingemans Elementenbouw B.V.,www.dingemans.eu,Movements NL
E.M.M. International B.V.,www.emm.com,Movements NL
Heutink Primair Onderwijs B.V.,www.iacgroup.com,Movements NL
Peacock Garden Supports B.V.,www.peacock.nl,Movements NL
Euro-Scrap Alliance B.V.,,Movements NL
De Ree Holland B.V.,www.m-g.nl,Movements NL
Barefoot International B.V.,www.barefoot-int.com,Movements NL
Nieuw Deco B.V.,www.nieuwdeco.com,Movements NL
Odin Onderwijs B.V.,www.odin-groep.nl,Movements NL
Terberg Benschop B.V.,www.terbergbenschop.com,Movements NL
ECEM European Chemical Marketing B.V.,www.ecem.com,Movements NL
Sluis Cigar Machinery B.V.,,Movements NL
WBE Group,https://wbe-group.com,Movements NL
Fastenal Europe B.V.,www.fastenal.com,Movements NL
Translas B.V.,www.translas.com,Movements NL
Unidex B.V.,www.unidexholland.com,Movements NL
Hoofdkantoor PTMD collection,www.ptmd.nl,Movements NL
Vink Kunststoffen B.V.,www.vinkkunststoffen.nl,Movements NL
Dampack International B.V.,www.dampack.nl,Movements NL
Apex Tool Group B.V.,www.apextoolgroup.com,Movements NL
Ottevanger Milling Engineers B.V.,www.ottevanger.com,Movements NL
Codi International B.V.,www.codi.nl,Movements NL
Intralox L.L.C.,,Movements NL
Colubris Technologies B.V.,www.colubris-technologies.nl,Movements NL
Olba B.V.,www.olba.nl,Movements NL
Moving Spirits International B.V.,www.movingspirits.nl,Movements NL
Mountainhigh Nederland,www.mountainhigh.nl,Movements NL
Elopak B.V.,www.elopak.com,Movements NL
Frozen Impex,https://www.frozenimpex.com/,Movements NL
Melkweg Holland B.V.,www.melkweg.com,Movements NL
T.T.I. Tyre Trading International B.V.,www.tti.nl,Movements NL
Lab Associates B.V.,www.labassociates.com,Movements NL
Hosokawa Micron B.V.,www.hosokawa-micron-bv.com,Movements NL
HTG BV,www.bs-htg.com,Movements NL
Aweta G&P B.V.,www.aweta.com,Movements NL
Systemair B.V.,www.jadico.nl,Movements NL
Syntegon Packaging Solutions B.V.,www.syntegon.com,Movements NL
CeTeau B.V.,www.ceteau.com,Movements NL
CVB Ecologistics B.V.,www.cvbecologistics.com,Movements NL
Wilhelmsen Ships Service B.V.,www.wijlhuizen.nl,Movements NL
Colourstock International BV,https://www.colourstock.com/,Movements NL
Agriprom Stalmatten B.V.,www.agriprom.nl,Movements NL
Profipack Verpakkingsmaterialen B.V.,www.profipack.nl,Movements NL
Sofis,www.sofisglobal.com,Movements NL
Mueller,nl.paulmueller.com,Movements NL
Calze Del Mondo Int. B.V.,www.calzedelmondo.nl,Movements NL
PRESIDENT SAFETY B.V.,,Movements NL
NZA New Zealand Auckland HQ,https://nl.nzanewzealand.com/,Movements NL
"Bailey, Electric & Electronics B.V.",www.bailey.nl,Movements NL
Top Raam Decoraties B.V.,www.topraamdecoraties.com,Movements NL
Howitec Netting B.V.,www.howitec.nl,Movements NL
Goedkopekoffiebekers,www.goedkopekoffiebekers.nl,Movements NL
Chemical Distribution & Trade B.V.,www.partnersinchemicals.com,Movements NL
Bringo Electric Vehicles B.V. / LESLI B.V.,www.lesliliving.nl,Movements NL
Hyster-Yale Nederland B.V.,www.hyster-yale.com,Movements NL
Lambert Spawn Europa B.V.,www.lambertspawn.eu,Movements NL
C.W. Kouwelaar en Zoon B.V.,http://www.nickytoy.nl/,Movements NL
van Rijsoort B.V.,,Movements NL
Rino&Pelle,,Movements NL
Fetim Group,www.fetimgroup.com,Movements NL
Flower Force B.V.,www.flowerforce.nl,Movements NL
Atrium house of brands B.V.,www.onlyformen.nl,Movements NL
Akker Exotic Plants B.V.,www.avakker.nl,Movements NL
HKC Europe B.V.,www.hkc-europe.com,Movements NL
P.K. Benelux B.V.,www.pkbenelux.com,Movements NL
Mondeno Benelux B.V.,www.mondeno.com,Movements NL
Dorel Juvenile,https://europe.doreljuvenile.com/,Movements NL
Oliver-Tolas Healthcare Packaging B.V.,www.oliverhcp.com,Movements NL
Advantech Service-IoT GmbH Netherlands,www.advantech-service-iot.eu,Movements NL
Engel Foreign Food B.V.,www.engelforeignfood.com,Movements NL
Medico-Care B.V.,www.medicocare.nl,Movements NL
L & H Dutch Bear B.V.,www.lhdutchbear.nl,Movements NL
Handelsonderneming H. Swanenberg B.V.,www.swanenberg.com,Movements NL
Richmond Interiors,www.richmondinteriors.nl,Movements NL
International Hotel Supply B.V.,www.internationalhotelsupply.com,Movements NL
Tuinland Groningen,www.tuinland.nl,Movements NL
Stertil B.V.,www.stertil.nl,Movements NL
Terberg Control Systems B.V.,www.terberg-control-systems.nl,Movements NL
Badotherm Proces Instrumentatie B.V.,www.badotherm.com,Movements NL
NL Food B.V.,www.foodbrokers.nl,Movements NL
Handelsonderneming van Krimpen B.V.,www.krimpen.nl,Movements NL
ITB Group,www.itb.nl,Movements NL
Adams Music Centre,www.adams.nl,Movements NL
Load-Lok Nederland B.V.,www.loadlok.com,Movements NL
Bruj International B.V.,www.bruj.eu,Movements NL
Bosman Van Zaal B.V.,www.bosmanvanzaal.com,Movements NL
KH Chemicals B.V.,www.khchemicals.com,Movements NL
Lumat B.V.,www.lumat.com,Movements NL
Pols Potten B.V.,www.polspotten.nl,Movements NL
Direct Maintenance B.V.,,Movements NL
Van Wijk Nederland B.V.,www.vwnl.com,Movements NL
Ammeraal Beltech B.V.,www.ammeraalbeltech.com,Movements NL
Kras Recycling B.V.,www.kras-recycling.com,Movements NL
Oukro B.V.,www.oukro.nl,Movements NL
Jan Zandbergen,www.janzandbergen.nl,Movements NL
Collé Rental & Sales,www.colle-sittard.nl,Movements NL
Hermes Wool B.V.,,Movements NL
VION Retail,www.vionfoodgroup.com,Movements NL
Crème de la Cream Company B.V.,www.cdlc.nl,Movements NL
Vaf Instruments B.V.,www.coneco.nl,Movements NL
Limako Suiker B.V.,www.limako.com,Movements NL
Cartec B.V.,www.cartecworld.com,Movements NL
Interchemie Werken De Adelaar B.V.,www.interchemie.com,Movements NL
Louët B.V.,www.louet.nl,Movements NL
Stora Enso Timber DIY Products B.V.,www.storaenso.com,Movements NL
VPS International B.V.,www.vps-lubricants.net,Movements NL
Hadek Protective Systems B.V.,www.hadek.com,Movements NL
World Wide Fertilizers - Van de Reijt Meststoffen B.V.,http://www.vdreijtfert.nl/wp/world-wide-fertilizers-2/,Movements NL
Euro Used Clothing B.V.,www.eurousedclothing.nl,Movements NL
Doco International B.V.,www.doco-international.com,Movements NL
Anema Trucks & Spare Parts,https://anema.nl/,Movements NL
Hyva International B.V.,www.lincolnelectric.nl,Movements NL
Stopaq B.V.,www.stopaq.com,Movements NL
Estillon B.V,www.estillon.nl,Movements NL
Bredox chemicals,www.bredox.nl,Movements NL
Banden inzamelingsbedrijf van der veen,,Movements NL
Bosco Pharma Nederland B.V.,www.boscopharma.nl,Movements NL
CF&S,,Movements NL
SABORN TRADING B.V,https://www.saborn-trading.nl/,Movements NL
Fineline QPI BV,www.fineline-global.com,Movements NL
Cars 4 Kids B.V.,www.cars4kids.nl,Movements NL
Durea B.V.,www.durea.nl,Movements NL
Becton Dickinson Rowa Netherlands,https://rowa.de/en/,Movements NL
Ice-World Benelux b.v.,,Movements NL
Vlastuin Metal B.V.,www.vlastuin.nl,Movements NL
Kangaro K.T.C. B.V.,http://kangaro-ktc.nl/,Movements NL
DNP Imagingcomm Europe B.V.,https://eu.dnpribbons.com/,Movements NL
DGT Dutch Graphic Trade,www.dgt-bv.nl,Movements NL
AxFlow B.V.,www.axflow.com,Movements NL
WSI Models B.V.,http://wsi-models.nl/,Movements NL
Eijerkamp Zutphen B.V.,www.eijerkamp.nl,Movements NL
MULTI-FIX GROUP B.V.,http://multifixgroup.com/,Movements NL
Life & Mobility B.V.,www.life-mobility.com,Movements NL
MamaLoes Hoofdmagazijn,http://mamaloesbabysjop.nl/,Movements NL
RSH Hillegom B.V.,www.rsh.eu,Movements NL
Gerkimex B.V.,www.gerkimex.nl,Movements NL
Atelier 49 Nederland B.V.,www.bebe-jou.nl,Movements NL
MNFLD B.V.,www.manfield.com,Movements NL
Expo Trading Holland B.V.,http://expotrading.nl/,Movements NL
Marmitek B.V.,www.marmitek.com,Movements NL
Present Time B.V.,www.presenttime.com,Movements NL
KGT Holding B.V.,www.kgt.nl,Movements NL
Serenotex,www.serenotex.com,Movements NL
Mebu B.V.,,Movements NL
BoxspringPRO B.V.,www.boxspringpro.nl,Movements NL
Van der Graaf B.V.,www.vandergraafpte.nl,Movements NL
Swan Products,www.swan-products.nl,Movements NL
Laspartners Multiweld,http://lpmw.nl/,Movements NL
Popov Clothing B.V.,www.popovclothing.com,Movements NL
Beijer REF support center Oirschot,www.beijerref.nl,Movements NL
De Ruiter Staalkabel B.V.,deruiterstaalkabel.nl,Movements NL
Roberine B.V.,,Movements NL
Wins Holland B.V.,www.wins-holland.nl,Movements NL
Vernay Europa B.V.,www.vernay.com,Movements NL
House of Hermeta B.V.,https://www.hermeta.nl/,Movements NL
Holland Colours Europe B.V.,www.hollandcolours.com,Movements NL
Awl-Techniek B.V.,www.awl.nl,Movements NL
Dieseko Group B.V.,http://diesekogroup.com/,Movements NL
Translift B.V.,www.mpmoil.nl,Movements NL
Texim Europe B.V.,www.texim-europe.com,Movements NL
Zwart Techniek B.V.,http://zwarttechniek.nl/,Movements NL
Mediq Medeco,http://medeco.nl/,Movements NL
EuroFibers,http://eurofibers.com/,Movements NL
Hatenboer-Water,www.hatenboer-water.com,Movements NL
Maars Partitioning Systems B.V.,www.maarsgroup.com,Movements NL
Stinis Holland B.V.,www.stinis.com,Movements NL
Fonteyn Outdoor Living Mall,www.fonteyn.nl,Movements NL
Wrist Kooyman Ship Supply B.V,http://wrist.com/,Movements NL
KS Steel Solutions B.V.,www.ksprofiel.com,Movements NL
I.N.P. Quality B.V.,www.inpquality.nl,Movements NL
Brocacef Supplies & Services B.V.,http://brocacefsupplies-services.nl/,Movements NL
Stora Enso Timber DIY Products B.V.,www.storaenso.com,Movements NL
Waste Treatment Technologies (WTT),www.wtt.nl,Movements NL
Euramax Coated Products B.V.,www.greefa.nl,Movements NL
Eurochoice B.V.,www.eurochoice.nl,Movements NL
Bison International B.V.,www.bison.nl,Movements NL
Elysee Dental Solutions B.V.,www.elysee-dental.com,Movements NL
T. Boer & zn,www.boer.com,Movements NL
Hello Straw,www.hellostraw.com,Movements NL
Seed Processing Holland B.V.,www.seedprocessing.nl,Movements NL
NECARBO B.V,https://www.safic-alcan.com/,Movements NL
Nordson Benelux B.V.,www.nordson.com,Movements NL
VDL Parree B.V.,www.jagtenberg.nl,Movements NL
Smart Packaging Solutions,www.cargotec.com,Movements NL
Ecolush,www.ecolushnederland.nl,Movements NL
Dopharma Veterinaire Farmaca B.V.,www.dopharma.com,Movements NL
Devro B.V.,www.devro.com,Movements NL
Nevema B.V.,https://www.nevema.nl,Movements NL
Benelux Exportcar B.V.,www.carcentrebenelux.nl,Movements NL
A.D.J. Supply Europe B.V.,www.americandj.eu,Movements NL
J & W Service B.V.,www.jw-service.nl,Movements NL
Heutink International Staffing & Facilities B.V.,www.nienhuis.com,Movements NL
Frijns Steel Construction B.V.,www.frijnsindustrialgroup.com,Movements NL
ASSA ABLOY Entrance Systems,www.assaabloyentrance.nl,Movements NL
Luiten Greenhouses B.V.,www.luiten-greenhouses.com,Movements NL
Haket Handelsonderneming B.V.,www.haket.nl,Movements NL
Berco Car Carpets B.V.,www.arizonachemical.com,Movements NL
coolblue,,Linkedin Leads
Cefetra Feed Service B.V.,,Linkedin Leads
Van Raam,,Linkedin Leads
Fairlight BV,,Linkedin Leads
Jiffy Group,,Linkedin Leads
Van Doleweerd,,Linkedin Leads
dorel-juvenile,,Linkedin Leads
broekman-logistics,,Linkedin Leads
Basiswaarde,,Linkedin Leads
dhl global forwarding,,Linkedin Leads
Willem van Esch,,Linkedin Leads
Gardenwood bv,,Linkedin Leads
Port of Rotterdam,,Linkedin Leads
hosiery center,,Linkedin Leads
Worldpack Trading BV,,Linkedin Leads
Smartwares Group,,Linkedin Leads
Libbey Inc.,,Linkedin Leads
MacLean B.V.,,Linkedin Leads
chromaflo-technologies-europe,,Linkedin Leads
"IBG Europe, a G4S company",,Linkedin Leads
speelgoedland,,Linkedin Leads
Kuhlman Repko Shipping BV,,Linkedin Leads
"Esudia Engineering, Support & Diagnostics B.V./ Dena B.V.",,Linkedin Leads
Bolster Safety,,Linkedin Leads
Ukuthumela  Olwandle ,,Linkedin Leads
ivc-group,,Linkedin Leads
Nature's Pride,,Linkedin Leads
Access World,,Linkedin Leads
Logistic Consultancy Van den Bosch,,Linkedin Leads
van den Bosch Intro BV,,Linkedin Leads
De Wit B.V,,Linkedin Leads
Artdelight International B.V.,,Linkedin Leads
ASO Europe,,Linkedin Leads
The Green Forwarder,,Linkedin Leads
king-belgium-nv,,Linkedin Leads
e-logistics advies,,Linkedin Leads
DB Schenker,,Linkedin Leads
recreapark,,Linkedin Leads
Shypple,,Linkedin Leads
Hortus Supplies International B.V.,,Linkedin Leads
ThermIQ,,Linkedin Leads
ontex,,Linkedin Leads
DRI Rubber,,Linkedin Leads
WITHIT BV,,Linkedin Leads
logiqs-agro_2,,Linkedin Leads
Hogewoning B.V.,,Linkedin Leads
Stedergroup bv,,Linkedin Leads
QWIC,,Linkedin Leads
Albea,,Linkedin Leads
Centrum Wiskunde & Informatica,,Linkedin Leads
vidaXL,,Linkedin Leads
NJ High End Coaching BV / Highly Effective Leadership Programs H.E.L.P.,,Linkedin Leads
SGS,,Linkedin Leads
Blockchain Language Knowledge Foundation,,Linkedin Leads
archipel-tax-advice,,Linkedin Leads
Heisterkamp Transportation Solutions,,Linkedin Leads
flexport,,Linkedin Leads
ally-coffee,,Linkedin Leads
Wabtec Netherlands ,,Linkedin Leads
heineken,,Linkedin Leads
Woninginrichting,,Linkedin Leads
Import & Export,,Linkedin Leads
Cosmetics,,Linkedin Leads
Consumer Electronics,,Linkedin Leads
Consumptiegoederen,,Linkedin Leads
Consumer Goods,,Linkedin Leads
Medical Device,,Linkedin Leads
Transport/vrachtvervoer/spoorwegen,,Linkedin Leads
Medical Device,,Linkedin Leads
Logistics & Supply Chain,,Linkedin Leads
Machinery,,Linkedin Leads
Electrical & Electronic Manufacturing,,Linkedin Leads
Wholesale,,Linkedin Leads
Consumer Goods,,Linkedin Leads
Shypple,,Linkedin Leads
Logistics & Supply Chain,,Linkedin Leads
Gezondheidszorg,,Linkedin Leads
Furniture,,Linkedin Leads
Internationale handel en ontwikkeling,,Linkedin Leads
Machines,,Linkedin Leads
Wholesale,,Linkedin Leads
Apparel & Fashion,,Linkedin Leads
Import & Export,,Linkedin Leads
Furniture,,Linkedin Leads
Pharmaceuticals,,Linkedin Leads
Dairy,,Linkedin Leads
Hospital & Health Care,,Linkedin Leads
Consumptiegoederen,,Linkedin Leads
Wholesale,,Linkedin Leads
Woninginrichting,,Linkedin Leads
Medical Device,,Linkedin Leads
Hospital & Health Care,,Linkedin Leads
Entertainment,,Linkedin Leads
Machines,,Linkedin Leads
Consumer Goods,,Linkedin Leads
Woninginrichting,,Linkedin Leads
Consumer Electronics,,Linkedin Leads
Textiles,,Linkedin Leads
Textiles,,Linkedin Leads
Machinery,,Linkedin Leads
Consumptiegoederen,,Linkedin Leads
Machinery,,Linkedin Leads
Apparel & Fashion,,Linkedin Leads
Groothandel,,Linkedin Leads
Consumer Goods,,Linkedin Leads
Consumer Electronics,,Linkedin Leads
Wholesale,,Linkedin Leads
Voedsel en dranken,,Linkedin Leads
Information Technology & Services,,Linkedin Leads
Order Manager,,Linkedin Leads
Information Technology & Services,,Linkedin Leads
Import en export,,Linkedin Leads
Wholesale,,Linkedin Leads
Publishing,,Linkedin Leads
Import & Export,,Linkedin Leads
Apparel & Fashion,,Linkedin Leads
Transport/vrachtvervoer/spoorwegen,,Linkedin Leads
Retail,,Linkedin Leads
Furniture,,Linkedin Leads
International Trade & Development,,Linkedin Leads
Consumer Electronics,,Linkedin Leads
Food Production,,Linkedin Leads
Consumptiegoederen,,Linkedin Leads
Logistics & Supply Chain,,Linkedin Leads
Logistics & Supply Chain,,Linkedin Leads
Groothandel,,Linkedin Leads
Holland Diervoeders BV,,Linkedin Leads
Decostar,,Linkedin Leads
Benckmar B.V.,,Linkedin Leads
Jansen Poultry Equipment,,Linkedin Leads
PBF Group B.V.,,Linkedin Leads
de Coöperatie expert,,Linkedin Leads
ILEXYS BV,,Linkedin Leads
PVG Liquids NV,,Linkedin Leads
Swiss Sense,,Linkedin Leads
kommago,,Linkedin Leads
Nedstar,,Linkedin Leads
EDCO Eindhoven BV,,Linkedin Leads
Pieterpikzonen BV,,Linkedin Leads
Sous Fresh BV,,Linkedin Leads
Van Donge & de Roo B.V.,,Linkedin Leads
Thai Union Group PCL.,,Linkedin Leads
Roveg Fruit B.V.,,Linkedin Leads
group-depré,,Linkedin Leads
Sally Beauty,,Linkedin Leads
Golden Key Creation LTD.,,Linkedin Leads
Permess International,,Linkedin Leads
Tootal fabrics (Holland) bv,,Linkedin Leads
Pieterpikzonen BV,,Linkedin Leads
Johnson & Johnson,,Linkedin Leads
Sales & Sourcing Consulting,,Linkedin Leads
Norah,,Linkedin Leads
Biocartis,,Linkedin Leads
Rioned,,Linkedin Leads
Hebei Cofco Rotterdam BV,,Linkedin Leads
Stryker,,Linkedin Leads
Balt,,Linkedin Leads
LABORIE,,Linkedin Leads
Dimensio Verpakkingen B.V.,,Linkedin Leads
Balt,,Linkedin Leads
Fullwood Packo nv,,Linkedin Leads
roompot-living-b-v-&-roompot-group-b-v-,,Linkedin Leads
TOBROCO-GIANT,,Linkedin Leads
"WellPet, LLC",,Linkedin Leads
The Cookie Company,,Linkedin Leads
Volvo Group,,Linkedin Leads
PVG Liquids NV,,Linkedin Leads
WinnerChoice Ltd,,Linkedin Leads
bdairy,,Linkedin Leads
RZMA Medica,,Linkedin Leads
Capi Europe,,Linkedin Leads
ab-inbev,,Linkedin Leads
Nationale Theaterkassa,,Linkedin Leads
de-eekhoorn-dutch-furniture,,Linkedin Leads
Frutos Tropicales Europe,,Linkedin Leads
Omexom,,Linkedin Leads
JUUL Labs,,Linkedin Leads
PENTAGON INTERNATIONAL FREIGHT SOLUTIONS PVT LTD,,Linkedin Leads
ecom-empowered,,Linkedin Leads
gate4eu-nv,,Linkedin Leads
mol-logistics,,Linkedin Leads
Somfy Group,,Linkedin Leads
roompot-living-b-v-&-roompot-group-b-v-,,Linkedin Leads
PartyLite,,Linkedin Leads
speelgoedland,,Linkedin Leads
EDCO Eindhoven BV,,Linkedin Leads
LENO Group,,Linkedin Leads
verathon,,Linkedin Leads
s-p-paneelbouw-bv,,Linkedin Leads
laco-recreatie,,Linkedin Leads
Pon Equipment Nederland,,Linkedin Leads
Philips Lighting,,Linkedin Leads
Nexans Benelux,,Linkedin Leads
JLG Industries,,Linkedin Leads
Sacobel World Leather Confections B.V.,,Linkedin Leads
van-dam-machine-europe-bv,,Linkedin Leads
DPA Professionals,,Linkedin Leads
Interface,,Linkedin Leads
TOBROCO-GIANT,,Linkedin Leads
PBF Group B.V.,,Linkedin Leads
HEINEKEN,,Linkedin Leads
KS Profiel BV,,Linkedin Leads
PVG Liquids NV,,Linkedin Leads
FOX Originals,,Linkedin Leads
BekaertDeslee,,Linkedin Leads
Factris,,Linkedin Leads
de-klerk-binnenbouw-b.v.,,Linkedin Leads
copa-home,,Linkedin Leads
nike,,Linkedin Leads
"Zelfstandige musad export is import is onder the church of jesuas christ of laater dag saints,",,Linkedin Leads
feyter-group,,Linkedin Leads
HERRAU,,Linkedin Leads
nedelko,,Linkedin Leads
Westland Kaas,,Linkedin Leads
RZMA Medica,,Linkedin Leads
,,Linkedin Leads
Helly Hansen,,Linkedin Leads
Ontex,,Linkedin Leads
,,Linkedin Leads
BOA Recycling Systems BV,,Linkedin Leads
Bolsius B.V.,,Linkedin Leads
de-eekhoorn-dutch-furniture,,Linkedin Leads
,,Linkedin Leads
verathon,,Linkedin Leads
CVB,,Linkedin Leads
Watkins Wellness,,Linkedin Leads
Shada BV,,Linkedin Leads
harting-bank,,Linkedin Leads
Alcochem Hygiene,,Linkedin Leads
O'Neill,,Linkedin Leads
Volvo Group,,Linkedin Leads
Murata,,Linkedin Leads
swisssense,,Linkedin Leads
Gemstone Communities,,Linkedin Leads
tna solutions Pty Ltd.,,Linkedin Leads
Hill-Rom,,Linkedin Leads
MHI Vestas Offshore Wind,,Linkedin Leads
Henkel,,Linkedin Leads
Interface,,Linkedin Leads
Arati Fragrance,,Linkedin Leads
Henkel,,Linkedin Leads
"profitair logistics co.,ltd",,Linkedin Leads
"SPX FLOW, Inc.",,Linkedin Leads
MGH nv,,Linkedin Leads
Nedschroef Machinery N.V.,,Linkedin Leads
Under Armour,,Linkedin Leads
Van der Ent Group,,Linkedin Leads
VMI,,Linkedin Leads
Shypple,,Linkedin Leads
Summa College,,Linkedin Leads
ACE electronics N.V.,,Linkedin Leads
Smartwares Group,,Linkedin Leads
speelgoedland,,Linkedin Leads
manutti_official,,Linkedin Leads
Knipidee International B.V.,,Linkedin Leads
WinnerChoice Ltd,,Linkedin Leads
Office-Deals,,Linkedin Leads
oceannet,,Linkedin Leads
,,Linkedin Leads
,,Linkedin Leads
VMI,,Linkedin Leads
koninklijke-eru,,Linkedin Leads
Otolift Stairlifts,,Linkedin Leads
Phonecrew,,Linkedin Leads
flamant,,Linkedin Leads
unilever,,Linkedin Leads
DMJ Outdoor B.V.,,Linkedin Leads
Hose & Reel Products BV,,Linkedin Leads
SJAAIPOL,,Linkedin Leads
MGLine Trade & Logistic Solutions,,Linkedin Leads
By Santis,,Linkedin Leads
Sous Fresh BV,,Linkedin Leads
Danish Refugee Council,,Linkedin Leads
Dimensio Verpakkingen B.V.,,Linkedin Leads
speelgoedland,,Linkedin Leads
Upfield,,Linkedin Leads
smarter-living-bv,,Linkedin Leads
D&L Ventures BV,,Linkedin Leads
Intafresh,,Linkedin Leads
JACOBS DOUWE EGBERTS,,Linkedin Leads
helly-hansen,,Linkedin Leads
Simply Analog,,Linkedin Leads
,,Linkedin Leads
koppert-biological-systems,,Linkedin Leads
demo,,Linkedin Leads
Nationale Politie,,Linkedin Leads
Dripperdrip,,Linkedin Leads
PVG Holding B.V.,,Linkedin Leads
EMMA Health & Beauty care BV,,Linkedin Leads
VDL Agrotech,,Linkedin Leads
Hortus Supplies International B.V.,,Linkedin Leads
Summa College,,Linkedin Leads
Dimensio Verpakkingen B.V.,,Linkedin Leads
Pon Equipment Nederland,,Linkedin Leads
Nike,,Linkedin Leads
Gelissen Paardentransport B.V.,,Linkedin Leads
TOBROCO-GIANT,,Linkedin Leads
Degolo commercial PLC,,Linkedin Leads
Alcochem Hygiene,,Linkedin Leads
PVH Corp.,,Linkedin Leads
Niacet,,Linkedin Leads
Labor Holland,,Linkedin Leads
Sherizon,,Linkedin Leads
LUTEC,,Linkedin Leads
Levi Strauss & Co.,,Linkedin Leads
INTRACO Ltd. NV,,Linkedin Leads
Schonenberg,,Linkedin Leads
Pack-It,,Linkedin Leads
Henry Schein Services GmbH,,Linkedin Leads
Global Brand Supply,,Linkedin Leads
kuhne---heitz-bv,,Linkedin Leads
teak-selection-b.v.,,Linkedin Leads
Barentz Animal Nutrition,,Linkedin Leads
tralert,,Linkedin Leads
Senior leader supply chain operations and Process Development,,Linkedin Leads
Intercont freight liners,,Linkedin Leads
ot-design-bv,,Linkedin Leads
AGS KHZ,,Linkedin Leads
SIAT,,Linkedin Leads
Verdegro Group,,Linkedin Leads
NSK EDC,,Linkedin Leads
Nicky De Winter,,Linkedin Leads
Pack-It,,Linkedin Leads
kurian,,Linkedin Leads
Pack-It,,Linkedin Leads
vadelo,,Linkedin Leads
Vinayaka Textiles,,Linkedin Leads
Annelies Medi Spa,,Linkedin Leads
Honeywell,,Linkedin Leads
Mars,,Linkedin Leads
Vespo B.V.,,Linkedin Leads
OZ Planten,,Linkedin Leads
www.knipidee.nl,,Linkedin Leads
"Camec Sarl - Medical Distributor / Purchase, Sales, Maintenance, Construction, Consultancy",,Linkedin Leads
ZENS Wireless Charging,,Linkedin Leads
majestic-products-b-v-,,Linkedin Leads
Sakura Finetek Europe B.V.,,Linkedin Leads
Beijer Ref Support BV Oirschot,,Linkedin Leads
Quantore B.V.,,Linkedin Leads
TE Connectivity,,Linkedin Leads
Boska,,Linkedin Leads
Corbeo NV ,,Linkedin Leads
levarht,,Linkedin Leads
gert-snel-interiors,,Linkedin Leads
Unlimited Footwear Group,,Linkedin Leads
Majestic Safety Products & Services B.V.,,Linkedin Leads
IMBEMA,,Linkedin Leads
Agrifirm,,Linkedin Leads
Biocartis,,Linkedin Leads
Coolblue,,Linkedin Leads
the-manitowoc-company,,Linkedin Leads
mega-collections,,Linkedin Leads
Debatrix,,Linkedin Leads
D-Care,,Linkedin Leads
NeoSEM,,Linkedin Leads
Woodvision B.V. | Outdoor Life Group,,Linkedin Leads
TotalWebBoost,,Linkedin Leads
Dijk Natural Collections,,Linkedin Leads
MTK+Bearings,,Linkedin Leads
Dozon Bouwtechniek,,Linkedin Leads
swisssense,,Linkedin Leads
Plus 100 BV,,Linkedin Leads
partylite,,Linkedin Leads
omoda,,Linkedin Leads
adidas,,Linkedin Leads
ChinaWorks B.V.,,Linkedin Leads
Majestic Safety Products & Services B.V.,,Linkedin Leads
Solarclarity BV,,Linkedin Leads
hbi-tyres-&-wheels,,Linkedin Leads
NORTVI,,Linkedin Leads
Sonepar,,Linkedin Leads
VERGALLE NV,,Linkedin Leads
Salo U.A.,,Linkedin Leads
Unilever,,Linkedin Leads
Koninklijke Jumbo,,Linkedin Leads
BMS Projectstoffering,,Linkedin Leads
natuurinclusief,,Linkedin Leads
kuhne---heitz-bv,,Linkedin Leads
Bevaplast B.V.,,Linkedin Leads
Good Pair Days,,Linkedin Leads
King,,Linkedin Leads
"Qingdao Deba Brother Machinery Co.,Ltd",,Linkedin Leads
Emerson Network Power DHC B.V.,,Linkedin Leads
anthura-b-v-,,Linkedin Leads
tradeXpad,,Linkedin Leads
Bunzl Retail & Industry ,,Linkedin Leads
Mars,,Linkedin Leads
Nike,,Linkedin Leads
Sapph Distribution b.v.,,Linkedin Leads
Bdairy B.V.,,Linkedin Leads
Aben Services,,Linkedin Leads
24pharma,,Linkedin Leads
Sales & Sourcing Consulting,,Linkedin Leads
FOX Originals,,Linkedin Leads
Keith Export Services,,Linkedin Leads
hbi-tyres-&-wheels,,Linkedin Leads
GD Medical Pharma,,Linkedin Leads
Beko Verpakkingen,,Linkedin Leads
PETER CV Dinterloord Nederland,,Linkedin Leads
Group Depré,,Linkedin Leads
Capital Advertising Nederland,,Linkedin Leads
icu-medical,,Linkedin Leads
Fitmaniac,,Linkedin Leads
onlinekabelshop-nl,,Linkedin Leads
boska-holland,,Linkedin Leads
Cemex Trescon B.V.,,Linkedin Leads
DRI Rubber,,Linkedin Leads
DuPont Sustainable Solutions,,Linkedin Leads
Boskalis Offshore Energy division,,Linkedin Leads
herder-b-v-,,Linkedin Leads
NESTINOX BV,,Linkedin Leads
Dekkaran Productions,,Linkedin Leads
Nedac Sorbo Mascot,,Linkedin Leads
gymlabel,,Linkedin Leads
Lekker Bikes,,Linkedin Leads
Dillewijn Group BV,,Linkedin Leads
Mebu BV,,Linkedin Leads
"INTU, INTUlogic, INTUhome",,Linkedin Leads
psinnovative,,Linkedin Leads
toi-toys,,Linkedin Leads
Zutzu,,Linkedin Leads
green boy,,Linkedin Leads
heineken,,Linkedin Leads
Online,,Linkedin Leads
psinnovative,,Linkedin Leads
midocean,,Linkedin Leads
DRI Rubber,,Linkedin Leads
YTS pump engineering BV,,Linkedin Leads
galico-nv,,Linkedin Leads
Tehava ,,Linkedin Leads
Isca Nederland BV,,Linkedin Leads
silk-ka-bv,,Linkedin Leads
REACon B.V.,,Linkedin Leads
Koodbloe Artist Agency,,Linkedin Leads
mars,,Linkedin Leads
Tennant Company,,Linkedin Leads
Boma Group,,Linkedin Leads
Sunday Brush,,Linkedin Leads
Viavisual B.V.,,Linkedin Leads
LOXAM Nederland,,Linkedin Leads
DisQounts International BV,,Linkedin Leads
Hakvoort Professional BV,,Linkedin Leads
NZA New Zealand Auckland,,Linkedin Leads
Somfy Group,,Linkedin Leads
Arovo International,,Linkedin Leads
durabo-bv,,Linkedin Leads
rino-&-pelle,,Linkedin Leads
Fetim Group,,Linkedin Leads
ma,,Linkedin Leads
Lambrechts NV ,,Linkedin Leads
thecookwarecompany,,Linkedin Leads
Gaston Schul | Customs & Trade Control,,Linkedin Leads
Kotrix BV,,Linkedin Leads
Leon Holding and Investments,,Linkedin Leads
EDCO Eindhoven BV,,Linkedin Leads
Coolblue,,Linkedin Leads
agrocultuur-bv,,Linkedin Leads
vintage-trimmings,,Linkedin Leads
Obbink,,Linkedin Leads
jouwboekhouder.nl,,Linkedin Leads
Vingino,,Linkedin Leads
One Stop Mobile,,Linkedin Leads
Forever Direct,,Linkedin Leads
Lambrechts NV ,,Linkedin Leads
bizbike,,Linkedin Leads
Scotch & Soda,,Linkedin Leads
DMJ Outdoor B.V.,,Linkedin Leads
Jonard Tools,,Linkedin Leads
Sioen Industries,,Linkedin Leads
SFT WTR Solutions,,Linkedin Leads
groot-techniek-b-v-,,Linkedin Leads
Labels & Things ,,Linkedin Leads
Finest People,,Linkedin Leads
Lineas,,Linkedin Leads
Pacor Bags & Belts,,Linkedin Leads
Dometic Group,,Linkedin Leads
Energetic Lighting Europe N.V.,,Linkedin Leads
Fatbike®,,Linkedin Leads
Coty,,Linkedin Leads
mpd-mijn-pakket-dienst-b.v.,,Linkedin Leads
copa-home,,Linkedin Leads
Majestic Products B.V.,,Linkedin Leads
jobe-sports,,Linkedin Leads
MegaGroup,,Linkedin Leads
Pruvoost Consulting,,Linkedin Leads
FF-Packaging,,Linkedin Leads
-,,Linkedin Leads
PVH Europe B.V.,,Linkedin Leads
Fontem Ventures B.V.,,Linkedin Leads
Conex Holland B.V.,,Linkedin Leads
Newco Europe BV,,Linkedin Leads
Tumble 'N Dry,,Linkedin Leads
PAINTED.Amsterdam,,Linkedin Leads
Asamco Group,,Linkedin Leads
Garden Impressions Outdoor B.V.,,Linkedin Leads
keywestbedding,,Linkedin Leads
Velleman NV,,Linkedin Leads
Humpff,,Linkedin Leads
tegels-depaepe,,Linkedin Leads
Qurelife®,,Linkedin Leads
"Pentolabel B.V. Printing, Scanning & Supplies",,Linkedin Leads
Quality Textiles B.V.,,Linkedin Leads
WRD Trading,,Linkedin Leads
Van de Velde,,Linkedin Leads
MBiz sales,,Linkedin Leads
Arovo International,,Linkedin Leads
edco-eindhoven-bv,,Linkedin Leads
Admodum BVBA,,Linkedin Leads
Rebelz collection,,Linkedin Leads
EXASUN,,Linkedin Leads
Pack-It,,Linkedin Leads
www.awconnect.nl,,Linkedin Leads
C&A,,Linkedin Leads
Wildkamp,,Linkedin Leads
JMBC,,Linkedin Leads
Bunzl Retail & Industry ,,Linkedin Leads
olvi's,,Linkedin Leads
conxion,,Linkedin Leads
Argos Packaging & Protection,,Linkedin Leads
betap-tufting-b.v.,,Linkedin Leads
ESSENZA HOME,,Linkedin Leads
heuschenschrouff,,Linkedin Leads
Natec Sunergy,,Linkedin Leads
GOELST BELGIUM,,Linkedin Leads
ALLSPORT EQUIPMENT,,Linkedin Leads
SHI,,Linkedin Leads
vf-corporation,,Linkedin Leads
Coca-Cola European Partners,,Linkedin Leads
trendiy-bv,,Linkedin Leads
BekaertDeslee,,Linkedin Leads
Makso Assemblage B.V,,Linkedin Leads
rienties-tuinmachines,,Linkedin Leads
van Hoorebeke Timber,,Linkedin Leads
Karsten Europe B.V.,,Linkedin Leads
Philips,,Linkedin Leads
Sacobel World Leather Confections B.V.,,Linkedin Leads
Molcon Interwheels,,Linkedin Leads
dresz-international-bv,,Linkedin Leads
Severin Elektrogeräte GmbH,,Linkedin Leads
vako-systems-for-your-window,,Linkedin Leads
Van Iperen,,Linkedin Leads
Remoticom,,Linkedin Leads
van-besouw,,Linkedin Leads
Daikin Europe,,Linkedin Leads
Valstar (part of Best Fresh),,Linkedin Leads
Hch Kettelhack Germany,,Linkedin Leads
nemad,,Linkedin Leads
Coram,,Linkedin Leads
sligro-food-group,,Linkedin Leads
Expice B.V.,,Linkedin Leads
Biocartis,,Linkedin Leads
Schotman Elektro BV.,,Linkedin Leads
schadebo,,Linkedin Leads
JACOBS DOUWE EGBERTS,,Linkedin Leads
vako-systems-for-your-window,,Linkedin Leads
MARFASHION,,Linkedin Leads
Amway,,Linkedin Leads
Unilever,,Linkedin Leads
vako-systems-for-your-window,,Linkedin Leads
royal-lemkes-group,,Linkedin Leads
wiltec-bv,,Linkedin Leads
706 Seating Group,,Linkedin Leads
Isero B.V.,,Linkedin Leads
BergHOFF Worldwide,,Linkedin Leads
ultraknee,,Linkedin Leads
cabooter-group,,Linkedin Leads
Nature's Green,,Linkedin Leads
Allsport Group,,Linkedin Leads
ED&F Man,,Linkedin Leads
Kampen Machinefabriek Velsen B.V.,,Linkedin Leads
wecovi-bv,,Linkedin Leads
Goelst NL B.V.,,Linkedin Leads
Semecs - Exceptional PCB assembly,,Linkedin Leads
Edurus AB,,Linkedin Leads
Holland Haag,,Linkedin Leads
superflora-bv,,Linkedin Leads
Nike,,Linkedin Leads
Top Wines Trading,,Linkedin Leads
Flamingo Flowers BV,,Linkedin Leads
Michael Kors,,Linkedin Leads
maintec,,Linkedin Leads
"LED Technology Dutch Design BV, Brand LUUMS",,Linkedin Leads
ecno,,Linkedin Leads
DHL,,Linkedin Leads
Pentrade Duty Free B.V.,,Linkedin Leads
Fun Belgium,,Linkedin Leads
Nordson Corporation,,Linkedin Leads
Latexco US,,Linkedin Leads
Ab-inbev be,,Linkedin Leads
Ulu,,Linkedin Leads
biocore,,Linkedin Leads
Jiffy Group,,Linkedin Leads
Condor Grass,,Linkedin Leads
ChinaWorks BV,,Linkedin Leads
Capital Advertising Nederland,,Linkedin Leads
Shypple,,Linkedin Leads
Eurofar International B.V.,,Linkedin Leads
Riwal,,Linkedin Leads
mendels-fashion-group,,Linkedin Leads
Coty,,Linkedin Leads
Sally Beauty,,Linkedin Leads
Bailey Electric & Electronics bv,,Linkedin Leads
RZMA Medica,,Linkedin Leads
sinelco-international,,Linkedin Leads
Fetim Group,,Linkedin Leads
Summa College,,Linkedin Leads
Kaemingk,,Linkedin Leads
CR-Logistics,,Linkedin Leads
Applied Medical,,Linkedin Leads
Boston Scientific,,Linkedin Leads
Velleman NV,,Linkedin Leads
Coolmark BV,,Linkedin Leads
E-Commerce Center Europe ,,Linkedin Leads
Lienesch bv,,Linkedin Leads
Smets Food Trading,,Linkedin Leads
AquaSecurity,,Linkedin Leads
Cesano Group BV,,Linkedin Leads
ARBOwinkel.nl B.V.,,Linkedin Leads
Decostar The Netherlands,,Linkedin Leads
aembv-maasbree,,Linkedin Leads
BekaertDeslee,,Linkedin Leads
Altripan N.V.,,Linkedin Leads
Tricorp Workwear,,Linkedin Leads
Mees van den Brink BV,,Linkedin Leads
Ontex,,Linkedin Leads
Biomedic B.V.,,Linkedin Leads
LOJEL Benelux,,Linkedin Leads
Bakker.com,,Linkedin Leads
distri-rail-b-v-,,Linkedin Leads
Jobe Sports International,,Linkedin Leads
Medical Essentials,,Linkedin Leads
Kimberly-Clark,,Linkedin Leads
Kobout BV,,Linkedin Leads
Sunrise Medical ,,Linkedin Leads
YESSS Elektro,,Linkedin Leads
interfilling-b.v.,,Linkedin Leads
Esportclothing,,Linkedin Leads
prosystems,,Linkedin Leads
HMZ Fashiongroup,,Linkedin Leads
furnified,,Linkedin Leads
SPX Flow Technology Assen B.V.,,Linkedin Leads
Lens Optical Group,,Linkedin Leads
LifeScan,,Linkedin Leads
Park Punt West Vastgoed B.V.,,Linkedin Leads
HMZ Fashiongroup,,Linkedin Leads
vibrant-led-lights,,Linkedin Leads
DMJ Outdoor B.V.,,Linkedin Leads
Oneflor-Europe BVBA,,Linkedin Leads
lantmannen,,Linkedin Leads
Scooterspot Amsterdam,,Linkedin Leads
Hampton Bays,,Linkedin Leads
Smart Life BV,,Linkedin Leads
NES,,Linkedin Leads
Scotch & Soda,,Linkedin Leads
cotit,,Linkedin Leads
Trendiy bv,,Linkedin Leads
Werti-Verpakkingen,,Linkedin Leads
Kama Home en Body Care New Zealand,,Linkedin Leads
ebusco,,Linkedin Leads
customs-support,,Linkedin Leads
universal-electronics,,Linkedin Leads
Aertssen Group,,Linkedin Leads
123inkt.nl - 123-3d.nl - 123accu.nl - 123led.nl - 123schoon.nl,,Linkedin Leads
Makso Assemblage B.V,,Linkedin Leads
Heal & Seal Biotech,,Linkedin Leads
HANOS Internationale Horeca Groothandel,,Linkedin Leads
gastonschul,,Linkedin Leads
Trendiy bv,,Linkedin Leads
Baardse plant b.v,,Linkedin Leads
american-dj-europe,,Linkedin Leads
123inkt-nl,,Linkedin Leads
Aqua-fun Leisure & Pleasure Company,,Linkedin Leads
thyssenkrupp-materials-nederland,,Linkedin Leads
"Spectrum Brands, Inc",,Linkedin Leads
alewijnse,,Linkedin Leads
Flextronics,,Linkedin Leads
Koopman Interlight,,Linkedin Leads
FootBrands,,Linkedin Leads
Plato Group B.V.,,Linkedin Leads
Schering & Inslag,,Linkedin Leads
Mars Food Europe CV,,Linkedin Leads
Nedis BV,,Linkedin Leads
BrandLoyalty,,Linkedin Leads
fnf-ingredients,,Linkedin Leads
steenkist-rooijmans,,Linkedin Leads
Jeveka,,Linkedin Leads
fToi ,,Linkedin Leads
Koopman International B.V.,,Linkedin Leads
Ariston Thermo Group,,Linkedin Leads
weska-bv,,Linkedin Leads
Technologies Added,,Linkedin Leads
Kroonint BV,,Linkedin Leads
Orlimex CZ s.r.o Benelux,,Linkedin Leads
PCPOW,,Linkedin Leads
agrocultuur-bv,,Linkedin Leads
ventilex-dryers,,Linkedin Leads
Shipex nv,,Linkedin Leads
speelgoedland,,Linkedin Leads
Dillewijn Group BV,,Linkedin Leads
"Rotterdam School of Management, Erasmus University",,Linkedin Leads
Maejor Nuts B.V.,,Linkedin Leads
ABF Bearings,,Linkedin Leads
scotch-&-soda,,Linkedin Leads
Lunado Group BV,,Linkedin Leads
stc-knrm,,Linkedin Leads
TKF (BV Twentsche Kabelfabriek),,Linkedin Leads
Nedis BV,,Linkedin Leads
Maatschappij van de Brugse Zeehaven,,Linkedin Leads
SCP Benelux,,Linkedin Leads
nrg-recruitment,,Linkedin Leads
HAZA Groep B.V.,,Linkedin Leads
Schouten Group,,Linkedin Leads
ventilex-dryers,,Linkedin Leads
koninklijke-peitsman-b-v-,,Linkedin Leads
Lasaulec B.V.,,Linkedin Leads
kmwe,,Linkedin Leads
testo-nv,,Linkedin Leads
JSC National water company,,Linkedin Leads
Bamboespecialist.com,,Linkedin Leads
MacLean B.V.,,Linkedin Leads
Moinho,,Linkedin Leads
Mars,,Linkedin Leads
interflon-belgië-nv,,Linkedin Leads
fire-up-international-b.v.,,Linkedin Leads
Eltra (Part of Heylen Group),,Linkedin Leads
boska-holland,,Linkedin Leads
Majestic Products B.V.,,Linkedin Leads
alcomotive,,Linkedin Leads
Boska,,Linkedin Leads
alres-b-v-,,Linkedin Leads
Colourstock Benelux,,Linkedin Leads
jobe-sports,,Linkedin Leads
Sligro Food Group,,Linkedin Leads
Kerstens Voeten b.v.,,Linkedin Leads
widemex-international-bv,,Linkedin Leads
Bamboespecialist.com,,Linkedin Leads
Star-Living Global Scouring Ltd.,,Linkedin Leads
ProNails,,Linkedin Leads
passa-sports,,Linkedin Leads
Zelfstandig,,Linkedin Leads
Norah ,,Linkedin Leads
The Climate Factory ,,Linkedin Leads
elho,,Linkedin Leads
Thales Cryogenics B.V,,Linkedin Leads
grant-thornton-belgium,,Linkedin Leads
gerlach-customs,,Linkedin Leads
Koninklijke Jumbo B.V.,,Linkedin Leads
multibat-nederland-bv,,Linkedin Leads
JACOBS DOUWE EGBERTS,,Linkedin Leads
Barco,,Linkedin Leads
Murata,,Linkedin Leads
aquanova,,Linkedin Leads
Carpet Rebel,,Linkedin Leads
thegiftgroothandel,,Linkedin Leads
Esschert Design B.V.,,Linkedin Leads
Childhome,,Linkedin Leads
suer-nutzfahrzeugtechnik-gmbh-&-co-kg,,Linkedin Leads
TCC Spares B.V.,,Linkedin Leads
Longwise Online,,Linkedin Leads
nippon-express-belgium-,,Linkedin Leads
Calze del mondo bv,,Linkedin Leads
Coastlink B.V.,,Linkedin Leads
agrocultuur-bv,,Linkedin Leads
512-50328666,,Linkedin Leads
"Spectrum Brands, Inc",,Linkedin Leads
Robo Educational Toys,,Linkedin Leads
The Medical Export Group BV,,Linkedin Leads
Sinelco int bv,,Linkedin Leads
Davidts Ltd,,Linkedin Leads
GAR,,Linkedin Leads
remeha,,Linkedin Leads
Golden Agri resources,,Linkedin Leads
Edelman BV,,Linkedin Leads
Decostar The Netherlands,,Linkedin Leads
GAR,,Linkedin Leads
deltion-college,,Linkedin Leads
helenevskincare,,Linkedin Leads
Nationale Theaterkassa,,Linkedin Leads
Dillewijn Group BV,,Linkedin Leads
kvadrat,,Linkedin Leads
MyMicro Group B.V.,,Linkedin Leads
"Spectrum Brands, Inc",,Linkedin Leads
SCP Benelux,,Linkedin Leads
Job Talent,,Linkedin Leads
hardie's-mode,,Linkedin Leads
Furnified,,Linkedin Leads
GorillaGrip BV,,Linkedin Leads
Sally Beauty,,Linkedin Leads
Kalmar,,Linkedin Leads
macdermid-alpha-electronics-solutions,,Linkedin Leads
Natec Sunergy BV,,Linkedin Leads
bevaplast-bv,,Linkedin Leads
M-PETS BeNeLux,,Linkedin Leads
LivWise,,Linkedin Leads
BV Twentsche Kabelfabriek,,Linkedin Leads
eSWay Interim Management ,,Linkedin Leads
Ixus Trade,,Linkedin Leads
Coöperatie Best Dental Support U.A.,,Linkedin Leads
busindustrial,,Linkedin Leads
LG Electronics European Service,,Linkedin Leads
ISERO IJzerwarengroep,,Linkedin Leads
Technische Unie,,Linkedin Leads
Unlimited Footwear Group,,Linkedin Leads
Bolsius Group,,Linkedin Leads
handbal coach,,Linkedin Leads
Qqnut Limited,,Linkedin Leads
mees-van-den-brink-bv,,Linkedin Leads
elho,,Linkedin Leads
Coenco,,Linkedin Leads
Novosanis,,Linkedin Leads
Transition IT,,Linkedin Leads
Mintjens furniture,,Linkedin Leads
WISCOMEX BV,,Linkedin Leads
Betasped,,Linkedin Leads
ONEFLOR EUROPE,,Linkedin Leads
The Toy Tailor,,Linkedin Leads
ten-brundel-wonen-b.v.,,Linkedin Leads
Creamy Creation,,Linkedin Leads
Dijk Natural Collections,,Linkedin Leads
,,Linkedin Leads
Asia Forwarding Pvt. Ltd,,Linkedin Leads
Nddj,,Linkedin Leads
GD-iTS Forwarding B.V.,,Linkedin Leads
Drielink International BV,,Linkedin Leads
Goldstaff,,Linkedin Leads
ePacket Express,,Linkedin Leads
OPA International B.V.,,Linkedin Leads
Ebury,,Linkedin Leads
Arvato,,Linkedin Leads
MGC TRANSITARIOS,,Linkedin Leads
Van Dam Sports,,Linkedin Leads
uu,,Linkedin Leads
Royal Reesink,,Linkedin Leads
Milmar Shipping Co.,,Linkedin Leads
G.A. Maas Leder B.V.,,Linkedin Leads
ProjectCahir,,Linkedin Leads
Next Lubricants bv,,Linkedin Leads
ff,,Linkedin Leads
ET International V.O.F.,,Linkedin Leads
OEBY,,Linkedin Leads
Centrient Pharmaceuticals,,Linkedin Leads
Atlas,,Linkedin Leads
DEXWELL,,Linkedin Leads
Jobien Kleingeld - Creatief denker en doener,,Linkedin Leads
CLIMA,,Linkedin Leads
K.M.Roos,,Linkedin Leads
Mtrading B.V.,,Linkedin Leads
EUSU Logistics,,Linkedin Leads
Prenger Healthcare B.V.,,Linkedin Leads
Multi Cargo Logistics B.V.,,Linkedin Leads
United Dutch Breweries,,Linkedin Leads
"WENZHOU NICEPACKING CO.,LTD.",,Linkedin Leads
Houtcomposietdiscount.nl,,Linkedin Leads
By Agha Sahib,,Linkedin Leads
GET transport,,Linkedin Leads
Consultant,,Linkedin Leads
BAMBUSHANDEL,,Linkedin Leads
Baars Financieel Management B.V.,,Linkedin Leads
1-2-Taste,,Linkedin Leads
WWS,,Linkedin Leads
Global Paint Products B.V.,,Linkedin Leads
van-den-assem-schoenen,,Linkedin Leads
DENSO,,Linkedin Leads
The Cookware Company,,Linkedin Leads
Saint-Gobain,,Linkedin Leads
DYKA PLASTICS NV,,Linkedin Leads
Vaessen BV,,Linkedin Leads
fenix-outdoor-,,Linkedin Leads
Falko BV - Import/export groothandel in fietsonderdelen en accessoires,,Linkedin Leads
adomex-international-b.v.,,Linkedin Leads
JACOB COMPANY,,Linkedin Leads
Horesca Horecavo,,Linkedin Leads
HMZ Fashiongroup,,Linkedin Leads
medipoint,,Linkedin Leads
heineken,,Linkedin Leads
Harting-Bank ,,Linkedin Leads
cebeo,,Linkedin Leads
INEOS,,Linkedin Leads
Mars,,Linkedin Leads
Super B Lithium Power B.V.,,Linkedin Leads
havatec-bv,,Linkedin Leads
Ravago Chemicals,,Linkedin Leads
TOBROCO-GIANT,,Linkedin Leads
holland-barrett-benelux,,Linkedin Leads
mymicro-group-b-v-,,Linkedin Leads
ALDI Belgium,,Linkedin Leads
gastonschul,,Linkedin Leads
The New Originals,,Linkedin Leads
IVC Group,,Linkedin Leads
furnified,,Linkedin Leads
SKF Group,,Linkedin Leads
Laroy Group nv,,Linkedin Leads
JACOBS DOUWE EGBERTS,,Linkedin Leads
Promeco nv,,Linkedin Leads
SCION Instruments,,Linkedin Leads
-,,Linkedin Leads
Henri Willig Group,,Linkedin Leads
Transferro,,Linkedin Leads
Edzo Import BV,,Linkedin Leads
EVAL Europe N.V.,,Linkedin Leads
rexel,,Linkedin Leads
bizbike,,Linkedin Leads
manusvr,,Linkedin Leads
Boom B.V.,,Linkedin Leads
alsico-hightech,,Linkedin Leads
mogemabv,,Linkedin Leads
hollister-incorporated,,Linkedin Leads
de-gruijter,,Linkedin Leads
vako-systems-for-your-window,,Linkedin Leads
Pop Vriend Seeds,,Linkedin Leads
Shuttlewise,,Linkedin Leads
Balt,,Linkedin Leads
HWRK Housing + Facility Professionals,,Linkedin Leads
Remia C.V.,,Linkedin Leads
swisssense,,Linkedin Leads
COCO-Morocco part of Mogador Home Resort S.a.r.l.,,Linkedin Leads
Ten Cate Outdoor Fabrics,,Linkedin Leads
Koninklijke Dekker,,Linkedin Leads
maximavida,,Linkedin Leads
Bridgestone EMEA,,Linkedin Leads
rogelli-sportswear,,Linkedin Leads
ijsvogel-retail,,Linkedin Leads
bliving,,Linkedin Leads
boels-rental,,Linkedin Leads
facility-trade-group,,Linkedin Leads
haecksubcontracting,,Linkedin Leads
Bunzl Retail & Industry Nederland,,Linkedin Leads
cemex-trescon-b-v-,,Linkedin Leads
Brinks Metaalbewerking BV,,Linkedin Leads
Rensa Family Company,,Linkedin Leads
heuschenschrouff,,Linkedin Leads
Boosterbox,,Linkedin Leads
Harting-Bank ,,Linkedin Leads
Circular Industries,,Linkedin Leads
nussbaumer,,Linkedin Leads
Kramp,,Linkedin Leads
jlg-industries,,Linkedin Leads
Garfield Aluminium,,Linkedin Leads
haecksubcontracting,,Linkedin Leads
Hoshizaki Europe B.V. (EMENA),,Linkedin Leads
VDL Agrotech,,Linkedin Leads
Ahlers,,Linkedin Leads
Pon Equipment Nederland,,Linkedin Leads
maximavida,,Linkedin Leads
calcitdoo,,Linkedin Leads
makro-kerstpakketten,,Linkedin Leads
Rebelcell,,Linkedin Leads
unilever,,Linkedin Leads
van-iperen-international,,Linkedin Leads
van-ree-b.v.,,Linkedin Leads
Spooren bv,,Linkedin Leads
tk Home Solutions BV,,Linkedin Leads
vogels,,Linkedin Leads
Eurofar International B.V.,,Linkedin Leads
Van Oirschot NV,,Linkedin Leads
VFO,,Linkedin Leads
greenlane-inc,,Linkedin Leads
Isero,,Linkedin Leads
Technisch handelsbureau Rensa BV,,Linkedin Leads
monks-international,,Linkedin Leads
Looop,,Linkedin Leads
Nipro Europe Group Companies,,Linkedin Leads
drogist.nl,,Linkedin Leads
JDIC bv - Jos Deslee Invest & Consult,,Linkedin Leads
trilec-nv,,Linkedin Leads
HMZ Fashiongroup,,Linkedin Leads
nedac-sorbo-mascot,,Linkedin Leads
Tata Steel in Europe,,Linkedin Leads
rogelli-sportswear,,Linkedin Leads
royalsmittransformers,,Linkedin Leads
No Excess,,Linkedin Leads
NedZink,,Linkedin Leads
van-dijk-groothandel,,Linkedin Leads
bekk-homeware,,Linkedin Leads
eptummers,,Linkedin Leads
Rexel Nederland B.V.,,Linkedin Leads
philips,,Linkedin Leads
Euro Products Marine B.V.,,Linkedin Leads
hiab-benelux-b.v.,,Linkedin Leads
elbo-technology,,Linkedin Leads
Valstar (part of Best Fresh),,Linkedin Leads
dutchleaf,,Linkedin Leads
SPX Flow Technology Assen B.V.,,Linkedin Leads
Boom B.V.,,Linkedin Leads
biocartis,,Linkedin Leads
evers-agro-b-v-,,Linkedin Leads
berg-roses,,Linkedin Leads
stc-international-b-v,,Linkedin Leads
rideellio,,Linkedin Leads
Makro Cash and Carry NL,,Linkedin Leads
evofenedex,,Linkedin Leads
Oerlemans Plastics B.V.,,Linkedin Leads
vegro-verpleegartikelen,,Linkedin Leads
helenevskincare,,Linkedin Leads
neways-electronics,,Linkedin Leads
elektro-groothandel-frig-,,Linkedin Leads
IMSHIP,,Linkedin Leads
Mitsubishi Electric Europe B.V.,,Linkedin Leads
santensgroep,,Linkedin Leads
In-Lease - furniture rental,,Linkedin Leads
Wiltec BV,,Linkedin Leads
Fertikal,,Linkedin Leads
Fortune Factory b.v.,,Linkedin Leads
Bevaplast BV,,Linkedin Leads
Big Bazar B.V. at Mirage Retail Group ,,Linkedin Leads
Ahold Delhaize,,Linkedin Leads
hakvoort-professional-bv,,Linkedin Leads
paardekoopergroup,,Linkedin Leads
Barry Callebaut Group,,Linkedin Leads
Mohamed Repeuro,,Linkedin Leads
h&k-technische-groothandel,,Linkedin Leads
Spuntini,,Linkedin Leads
AGU bv,,Linkedin Leads
stichdofficial,,Linkedin Leads
Philips,,Linkedin Leads
Hyster-Yale Group,,Linkedin Leads
emma-safety-shoes-bv,,Linkedin Leads
foox-groothandelsorganisatie,,Linkedin Leads
ariston-thermo-group,,Linkedin Leads
Kolmschate Consulting,,Linkedin Leads
ei-openers,,Linkedin Leads
Coty,,Linkedin Leads
Cloetta,,Linkedin Leads
Mepal,,Linkedin Leads
hunkemoller,,Linkedin Leads
Samsung Electronics Air Conditioner Europe,,Linkedin Leads
Technisch Handelsbureau Rensa BV,,Linkedin Leads
Paula's Choice Skincare Europe,,Linkedin Leads
Thales,,Linkedin Leads
Flinders Design,,Linkedin Leads
Profel,,Linkedin Leads
Modiform,,Linkedin Leads
Falko BV - Import/export groothandel in fietsonderdelen en accessoires,,Linkedin Leads
Vivecommerce - advisory & interim management boutique,,Linkedin Leads
DHG (David Hart Group),,Linkedin Leads
IFB International Freightbridge,,Linkedin Leads
Capasso,,Linkedin Leads
ESA bv,,Linkedin Leads
Rotterdam Academy,,Linkedin Leads
bunnik-creations,,Linkedin Leads
d&d-distribution,,Linkedin Leads
Gymiek Beheer BV,,Linkedin Leads
Bailey Electric & Electronics bv,,Linkedin Leads
Heraeus Electro Nite,,Linkedin Leads
Mölnlycke Health Care,,Linkedin Leads
Suzuki Belgium,,Linkedin Leads
Feyter group,,Linkedin Leads
Masevon Technology Group,,Linkedin Leads
Richmond Interiors,,Linkedin Leads
Age2Go4 b.v.,,Linkedin Leads
Muarata Electronics,,Linkedin Leads
RX Commerce,,Linkedin Leads
Trilec,,Linkedin Leads
Unlimited footwear group,,Linkedin Leads
MCA Brabant,,Linkedin Leads
Van Ham Chocolaterie,,Linkedin Leads
Fabory,,Linkedin Leads
Best Trading,,Linkedin Leads
Belize Corporate,,Linkedin Leads
Teamwork Interiors,,Linkedin Leads
Rensa Family Company,,Linkedin Leads
aluchemie ,,Linkedin Leads
van-oostveen-medical,,Linkedin Leads
Agrifirm,,Linkedin Leads
mainfreight-europe,,Linkedin Leads
Adidas,,Linkedin Leads
Schenk Transport,,Linkedin Leads
Self-employed,,Linkedin Leads
Decor Son,,Linkedin Leads
Quantore BV,,Linkedin Leads
Hogeschool PXL,,Linkedin Leads
Ingram Micro Commerce & Lifecycle Services,,Linkedin Leads
Online Multi Stores,,Linkedin Leads
Albert Heijn,,Linkedin Leads
Nike,,Linkedin Leads
Accell Nederland B.V.,,Linkedin Leads
Gist B.V.,,Linkedin Leads
Versele Laga,,Linkedin Leads
Dominique Demeulemeester,,Linkedin Leads
Herbalife Nutrition,,Linkedin Leads
Heli ,,Linkedin Leads
Rederij Kees B.V.,,Linkedin Leads
EUdata International,,Linkedin Leads
Ingrizo NV,,Linkedin Leads
Philips,,Linkedin Leads
Mehadrin Tnuport Export (L.P.),,Linkedin Leads
EUSU Logistics,,Linkedin Leads
Delhaize Belgium,,Linkedin Leads
Holbrecht Hedwig BVBA,,Linkedin Leads
Stamhuis België bvba,,Linkedin Leads
Regout Balance Systems B.V.,,Linkedin Leads
HONDA EUROPE NV,,Linkedin Leads
Prof Praxis,,Linkedin Leads
Klaasen & Co,,Linkedin Leads
Chevron Phillips Chemicals Int. NV,,Linkedin Leads
arrowline,,Linkedin Leads
Knauf-Isolava,,Linkedin Leads
Jan De Nul Group,,Linkedin Leads
ALTRAD SERVICES Benelux,,Linkedin Leads
ineos,,Linkedin Leads
Lanterfant®,,Linkedin Leads
Op jacht!,,Linkedin Leads
tesla-motors,,Linkedin Leads
agidens,,Linkedin Leads
IKEA Group,,Linkedin Leads
pensions retirement,,Linkedin Leads
volvocars,,Linkedin Leads
Etex,,Linkedin Leads
mpro-youbuild,,Linkedin Leads
stas-picture-hanging-systems,,Linkedin Leads
SISA NV,,Linkedin Leads
Teqplay,,Linkedin Leads
VWR,,Linkedin Leads
simac-ict-belgië,,Linkedin Leads
"Stanley Black & Decker, Inc.",,Linkedin Leads
Q8,,Linkedin Leads
R.Scheepers Consultancy B.V.,,Linkedin Leads
DYKA PLASTICS NV,,Linkedin Leads
Mieloo & Alexander,,Linkedin Leads
foodcareplus,,Linkedin Leads
SABCA,,Linkedin Leads
nv-denys,,Linkedin Leads
Atlas Copco Airpower N.V.,,Linkedin Leads
soprema-belux,,Linkedin Leads
ACD® Grow Live disCover,,Linkedin Leads
Sound United,,Linkedin Leads
brouwerij ADvieS bv,,Linkedin Leads
IMSHIP,,Linkedin Leads
Ideal Standard International NV,,Linkedin Leads
Imes Dexis,,Linkedin Leads
westrockcompany,,Linkedin Leads
Solvay,,Linkedin Leads
Capasso,,Linkedin Leads
N.V. GROUP SOPEX S.A.,,Linkedin Leads
ArcelorMittal Belgium,,Linkedin Leads
Gaston Schul | Customs & Trade Control,,Linkedin Leads
rotterdam-international-forwarding-bv,,Linkedin Leads
NITTO BELGIUM NV,,Linkedin Leads
sekisui-s-lec-bv,,Linkedin Leads
de-lift-bvba,,Linkedin Leads
GRL Glass Recycling & Logistics,,Linkedin Leads
Trelleborg Wheel Systems,,Linkedin Leads
rexel,,Linkedin Leads
wynn's,,Linkedin Leads
RPM/Belgium NV,,Linkedin Leads
SSENSE,,Linkedin Leads
DRiV Incorporated - Tenneco,,Linkedin Leads
thyssenkrupp-materials-belgium,,Linkedin Leads
IBS Bouw,,Linkedin Leads
Helm Benelux B.V.,,Linkedin Leads
zoutman-nv-belgium,,Linkedin Leads
Texet Benelux,,Linkedin Leads
Sankyo Tateyama Europe BVBA,,Linkedin Leads
Derbigum Imperbel,,Linkedin Leads
daf-trucks,,Linkedin Leads
colruytgroup,,Linkedin Leads
Barco,,Linkedin Leads
UCB,,Linkedin Leads
Bose Corporation,,Linkedin Leads
McBride,,Linkedin Leads
INEOS,,Linkedin Leads
Electro 80 ,,Linkedin Leads
LyondellBasell,,Linkedin Leads
Arcelormittal Tailored Blanks,,Linkedin Leads
eriks,,Linkedin Leads
AjiBioPharma Services,,Linkedin Leads
pennenv,,Linkedin Leads
vanhool,,Linkedin Leads
yazakieuropeltd.belgiumoffice,,Linkedin Leads
Van Wiemeersch,,Linkedin Leads
IVC Group,,Linkedin Leads